personId,relativeId,kinshipId,kinshipLabel
Q1356412,Q2458450,Q7608092,stepfather-in-law
Q1356412,Q6539386,Q723868,mother-in-law
Q277895,Q17117450,Q15312935,half-brother
Q2897456,Q376768,Q3813877,granduncle
Q2978381,Q554560,Q2914212,brother-in-law
Q3093599,Q376768,Q3813877,granduncle
Q3106466,Q56871253,Q3403377,niece
Q3339666,Q42383722,Q10861465,brother
Q3426371,Q29261525,Q4994791,maternal grandfather
Q363231,Q376768,Q3813877,granduncle
Q518615,Q134982,Q2500621,great-grandfather
Q518615,Q5214413,Q15224724,nephew
Q518615,Q6759649,Q2500620,great-grandmother
Q518615,Q7177015,Q16658574,sibling-in-law
Q56254159,Q5343661,Q23868497,husband's father
Q92894,Q134661,Q58837291,great-great-grandfather
Q92894,Q1396604,Q23009870,cousin
Q92894,Q217119,Q89001120,great-great-granduncle
Q92894,Q2603996,Q76557,uncle
Q92894,Q6779503,Q27164472,great-great-grandmother
Q103784,Q2224507,Q19756330,granddaughter
Q122766509,Q122766474,Q3813877,granduncle
Q128543,Q3420759,Q15224724,nephew
Q16297,Q225239,Q3752578,son-in-law
Q538948,Q2923748,Q23045211,fraternal nephew
Q56461510,Q35554743,Q19682162,paternal grandfather
Q10738,Q20901722,Q69611015,second cousin once removed ascending
Q10738,Q2458450,Q4994791,maternal grandfather
Q10738,Q2474413,Q23009870,cousin
Q10738,Q275971,Q23009870,cousin
Q10738,Q3959987,Q13204680,father-in-law
Q10738,Q6539386,Q4994787,maternal grandmother
Q1716611,Q53945123,Q12158205,father's brother
Q172843,Q374813,Q76557,uncle
Q192682,Q30460493,Q19682162,paternal grandfather
Q192955,Q1388544,Q13184390,sister's husband
Q2368906,Q20983703,Q18489480,daughter-in-law
Q2546628,Q447703,Q3238556,sister-in-law
Q2546628,Q981226,Q13204680,father-in-law
Q269569,Q135754278,Q15224724,nephew
Q28495195,Q59783426,Q19682162,paternal grandfather
Q28948381,Q991551,Q76557,uncle
Q2942037,Q286366,Q31819505,male first cousin
Q2942037,Q533158,Q6035384,mother's sister
Q317521,Q104721242,Q20746713,stepsister
Q317521,Q6708744,Q31819505,male first cousin
Q3180284,Q53945123,Q12158205,father's brother
Q3219556,Q3098988,Q9238344,grandfather
Q5386105,Q65151405,Q12158205,father's brother
Q707513,Q487169,Q2914212,brother-in-law
Q76843455,Q594644,Q19682162,paternal grandfather
Q105972542,Q1250773,Q9238344,grandfather
Q106211887,Q991551,Q76557,uncle
Q16238921,Q7436569,Q13184390,sister's husband
Q21622238,Q13486477,Q31819505,male first cousin
Q21622238,Q16197144,Q76557,uncle
Q21622238,Q18211238,Q12051531,female first cousin
Q59504921,Q47538043,Q76507,aunt
Q61659949,Q231508,Q42301631,paternal cousin
Q61659949,Q23696682,Q12158205,father's brother
Q61659949,Q25206278,Q58837291,great-great-grandfather
Q61659949,Q317365,Q12158205,father's brother
Q61659949,Q3645473,Q12158205,father's brother
Q61659949,Q379471,Q42301631,paternal cousin
Q61659949,Q3814322,Q12158205,father's brother
Q61659949,Q5246201,Q12158205,father's brother
Q61659949,Q5271184,Q5992509,father's sister
Q61659949,Q59630,Q69611015,second cousin once removed ascending
Q61659949,Q707440,Q19682162,paternal grandfather
Q61659949,Q742280,Q42301631,paternal cousin
Q61659949,Q81324,Q12158205,father's brother
Q61659949,Q9286627,Q2500621,great-grandfather
Q62871650,Q62871834,Q595094,sister
Q104762283,Q104762265,Q9235758,grandmother
Q1068702,Q5516433,Q76557,uncle
Q1068702,Q85795701,Q42301932,biaojie
Q110950334,Q110968497,Q9238344,grandfather
Q220308,Q91257087,Q15224724,nephew
Q220308,Q91257493,Q15224724,nephew
Q231508,Q317365,Q76557,uncle
Q231508,Q5271184,Q76507,aunt
Q231508,Q742280,Q31819505,male first cousin
Q231508,Q81324,Q76557,uncle
Q24207190,Q1184381,Q13204680,father-in-law
Q24207190,Q7456454,Q2914212,brother-in-law
Q28062745,Q329744,Q12439745,husband of father's sister
Q28062745,Q6962642,Q5992509,father's sister
Q286366,Q2942037,Q12051531,female first cousin
Q3087003,Q28532571,Q23009870,cousin
Q3097555,Q432562,Q4994791,maternal grandfather
Q33240,Q471032,Q76557,uncle
Q33240,Q7694480,Q76557,uncle
Q3395911,Q105467503,Q19682162,paternal grandfather
Q379471,Q119444126,Q76507,aunt
Q379471,Q22003152,Q76557,uncle
Q379471,Q231508,Q12051531,female first cousin
Q379471,Q23696682,Q76557,uncle
Q379471,Q317365,Q76557,uncle
Q379471,Q3645473,Q76557,uncle
Q379471,Q3814322,Q76557,uncle
Q379471,Q4885278,Q76557,uncle
Q379471,Q5246201,Q76557,uncle
Q379471,Q727645,Q76557,uncle
Q379471,Q742280,Q31819505,male first cousin
Q379471,Q7545169,Q76557,uncle
Q379471,Q81324,Q76557,uncle
Q4954028,Q15732568,Q23009870,cousin
Q4954028,Q15732574,Q23009870,cousin
Q52919557,Q3122183,Q9238344,grandfather
Q616960,Q926420,Q31819505,male first cousin
Q72332092,Q65151405,Q30868674,spouse's uncle
Q739160,Q1132655,Q61386388,fourth cousin
Q783747,Q16231747,Q23009870,cousin
Q783747,Q61451358,Q23009870,cousin
Q8956528,Q1472354,Q9238344,grandfather
Q926420,Q616960,Q31819505,male first cousin
Q1138686,Q5545105,,
Q1275214,Q3492567,Q23009870,cousin
Q131433,Q685768,Q41805469,parent's brother
Q1377143,Q54801680,Q15224724,nephew
Q1377143,Q54801704,Q15224724,nephew
Q16244764,Q3492567,Q23009870,cousin
Q169303,Q24663887,Q15224724,nephew
Q171758,Q15489158,Q1282201,stepfather
Q185724,Q114570941,Q19682162,paternal grandfather
Q185724,Q114571030,Q12433519,paternal grandmother
Q185724,Q114571255,Q41823427,paternal grandfather's father
Q185724,Q114571452,Q19682171,paternal great-grandparent
Q185724,Q114571545,Q58837291,great-great-grandfather
Q185724,Q114571666,Q27164472,great-great-grandmother
Q185724,Q114572543,Q4994791,maternal grandfather
Q185724,Q114576308,Q4994787,maternal grandmother
Q185724,Q114578180,Q26004701,maternal great-grandparent
Q185724,Q114578445,Q58837291,great-great-grandfather
Q185724,Q114579139,Q27164472,great-great-grandmother
Q192533,Q137737261,Q9238344,grandfather
Q23696682,Q22003152,Q13184390,sister's husband
Q23696682,Q231508,Q23045293,sororal niece
Q23696682,Q25206278,Q2500621,great-grandfather
Q23696682,Q379471,Q12443619,sororal nephew
Q23696682,Q452557,Q13184390,sister's husband
Q23696682,Q4885278,Q13184390,sister's husband
Q23696682,Q61659949,Q23045211,fraternal nephew
Q23696682,Q6774420,Q13184281,brother's wife
Q23696682,Q727645,Q13184390,sister's husband
Q23696682,Q742280,Q12443619,sororal nephew
Q23696682,Q9286627,Q4994791,maternal grandfather
Q3144816,Q134707717,Q18489480,daughter-in-law
Q3144816,Q2853612,Q4346792,stepson
Q3144816,Q3021804,Q19822354,stepdaughter
Q317365,Q231508,Q23045293,sororal niece
Q317365,Q25206278,Q41855114,father's mother's father
Q317365,Q379471,Q12443619,sororal nephew
Q317365,Q59630,Q3433569,second cousin
Q317365,Q61659949,Q23045211,fraternal nephew
Q317365,Q742280,Q12443619,sororal nephew
Q317365,Q9286627,Q4994791,maternal grandfather
Q3343852,Q3440018,Q76557,uncle
Q3492567,Q1275214,Q23009870,cousin
Q3492567,Q16244764,Q23009870,cousin
Q5271184,Q231508,Q23045293,sororal niece
Q5271184,Q25206278,Q2500621,great-grandfather
Q5271184,Q61659949,Q23045211,fraternal nephew
Q5271184,Q742280,Q12443619,sororal nephew
Q5271184,Q9286627,Q4994791,maternal grandfather
Q6696974,Q6284164,Q4994791,maternal grandfather
Q119082,Q104658076,Q23009870,cousin
Q119082,Q111962132,Q23009870,cousin
Q3440018,Q3343852,Q15224724,nephew
Q435339,Q453138,Q13204680,father-in-law
Q550784,Q275402,,
Q594644,Q76843455,Q19756330,granddaughter
Q707440,Q22003152,Q3752578,son-in-law
Q707440,Q231508,Q42302432,daughter's daughter
Q707440,Q25206278,Q4994791,maternal grandfather
Q707440,Q379471,Q12183411,daughter's son
Q707440,Q452557,Q3752578,son-in-law
Q707440,Q4885278,Q3752578,son-in-law
Q707440,Q59630,Q41810796,second nephew
Q707440,Q61659949,Q15657883,son's son
Q707440,Q6774420,Q18489480,daughter-in-law
Q707440,Q727645,Q3752578,son-in-law
Q707440,Q742280,Q12183411,daughter's son
Q707440,Q9286627,Q12160962,wife's father
Q737768,Q2421520,Q4994791,maternal grandfather
Q190523,Q128696,,
Q2074570,Q116983,Q12158205,father's brother
Q3069102,Q531618,Q23009870,cousin
Q3290669,Q98716,Q76557,uncle
Q5254333,Q7243662,Q13184281,brother's wife
Q5534331,Q134444040,Q15657883,son's son
Q732980,Q3083836,Q23009870,cousin
Q936132,Q113412649,Q19756330,granddaughter
Q105486143,Q55950771,Q15224724,nephew
Q119444126,Q379471,Q15224724,nephew
Q2850858,Q107042350,Q19682162,paternal grandfather
Q299140,Q5276805,,
Q329744,Q333550,Q12051531,female first cousin
Q3645473,Q22003152,Q13184390,sister's husband
Q3645473,Q231508,Q23045293,sororal niece
Q3645473,Q25206278,Q2500621,great-grandfather
Q3645473,Q379471,Q12443619,sororal nephew
Q3645473,Q452557,Q13184390,sister's husband
Q3645473,Q4885278,Q13184390,sister's husband
Q3645473,Q59630,Q3433569,second cousin
Q3645473,Q61659949,Q23045211,fraternal nephew
Q3645473,Q6774420,Q13184281,brother's wife
Q3645473,Q727645,Q13184390,sister's husband
Q3645473,Q742280,Q12443619,sororal nephew
Q3645473,Q9286627,Q4994791,maternal grandfather
Q44098268,Q974731,Q402152,ancestor
Q533158,Q2942037,Q23045293,sororal niece
Q59630,Q231508,Q69610263,second cousin once removed descending
Q59630,Q23696682,Q84158642,male second cousin
Q59630,Q317365,Q84158642,male second cousin
Q59630,Q3645473,Q84158642,male second cousin
Q59630,Q379471,Q69610263,second cousin once removed descending
Q59630,Q3814322,Q84158642,male second cousin
Q59630,Q5246201,Q84158642,male second cousin
Q59630,Q5271184,Q84158643,female second cousin
Q59630,Q61659949,Q69610263,second cousin once removed descending
Q59630,Q707440,Q12315099,second uncle
Q59630,Q742280,Q69610263,second cousin once removed descending
Q59630,Q7545169,Q84158642,male second cousin
Q59630,Q81324,Q84158642,male second cousin
Q6514469,Q577606,Q9238344,grandfather
Q81324,Q22003152,Q13184390,sister's husband
Q81324,Q231508,Q23045293,sororal niece
Q81324,Q25206278,Q2500621,great-grandfather
Q81324,Q379471,Q12443619,sororal nephew
Q81324,Q452557,Q13184390,sister's husband
Q81324,Q4885278,Q13184390,sister's husband
Q81324,Q59630,Q84158642,male second cousin
Q81324,Q61659949,Q23045211,fraternal nephew
Q81324,Q6774420,Q13184281,brother's wife
Q81324,Q727645,Q13184390,sister's husband
Q81324,Q742280,Q12443619,sororal nephew
Q81324,Q9286627,Q4994791,maternal grandfather
Q81324,Q962172,Q1666087,co-brother-in-law
Q887511,Q36137026,Q3403377,niece
Q91258099,Q3218835,Q18489480,daughter-in-law
Q91258099,Q86267962,Q3752578,son-in-law
Q91258099,Q91257087,Q11921506,grandson
Q91258099,Q91257493,Q11921506,grandson
Q991551,Q106211887,Q3403377,niece
Q991551,Q111385094,Q15224724,nephew
Q991551,Q28948381,Q15224724,nephew
Q114731653,Q114731533,Q23009870,cousin
Q114731653,Q15992154,Q76557,uncle
Q134089088,Q459404,Q76557,uncle
Q28146572,Q214466,Q76557,uncle
Q28146572,Q29075134,Q76507,aunt
Q28146572,Q29075136,Q76507,aunt
Q28146572,Q29075138,Q31819505,male first cousin
Q28146572,Q301818,Q76557,uncle
Q101114325,Q2831404,Q9238344,grandfather
Q101114325,Q3160213,Q9238344,grandfather
Q102346748,Q91985,Q4994791,maternal grandfather
Q125848958,Q7704457,,
Q100233526,Q100233523,Q76557,uncle
Q100233526,Q261547,Q76507,aunt
Q100233526,Q273720,Q76507,aunt
Q100233526,Q369174,Q4994791,maternal grandfather
Q100233526,Q7493357,Q4994787,maternal grandmother
Q114731601,Q114731533,Q23009870,cousin
Q114731601,Q15992154,Q76557,uncle
Q62871834,Q62871650,Q595094,sister
Q63349125,Q65663077,Q23009870,cousin
